index,outcome,specification,alpha,aic,irr,ci_low,ci_high,p_value,converged,n
SVI unadjusted,CMR,Poisson,,1980.5945430982906,1.0034857612939267,0.9760436366544213,1.0316994397620207,0.8057080113477715,True,3038
SVI unadjusted,CMR,"NB2, estimated alpha",0.5904056459698137,1902.650307381622,0.9993176585729462,0.9646322115509091,1.035250296203707,0.9697905897143345,True,3038
SVI unadjusted,CMR,"NB2, alpha = 1.0 (previous)",1.0,1909.0187073165062,0.9978011502610137,0.9588096010026284,1.0383783541811582,0.9138092262381147,True,3038
SVI unadjusted,CCT,Poisson,,3110.4706518302673,1.03729943382745,1.0174689556429872,1.0575164081923054,0.00020046080172992397,True,3038
SVI unadjusted,CCT,"NB2, estimated alpha",0.22165666313140545,3026.6388415092615,1.0301692799814512,1.0059118474179296,1.055011677356834,0.014493448648866179,True,3038
SVI unadjusted,CCT,"NB2, alpha = 1.0 (previous)",1.0,3123.5944125748747,1.025488528981955,0.9939386773738178,1.0580398439189223,0.11441995467796802,True,3038
SVI adjusted,CMR,Poisson,,1837.8470415245683,0.9986290594697652,0.9712647277364044,1.0267643516115808,0.9229048258194328,True,3038
SVI adjusted,CMR,"NB2, estimated alpha",0.43894929383553527,1780.6109295897354,1.0033323384359145,0.9680257170558245,1.0399266916306802,0.8555708481503183,True,3038
SVI adjusted,CMR,"NB2, alpha = 1.0 (previous)",1.0,1797.623063562893,1.0039920999730976,0.9627919309221592,1.0469553227797939,0.8521639707214493,True,3038
SVI adjusted,CCT,Poisson,,3032.982213257816,1.0345319131856776,1.0147131785115808,1.0547377348242488,0.0005818515805567379,True,3038
SVI adjusted,CCT,"NB2, estimated alpha",0.18150804155361322,2965.941310563151,1.0329163715971597,1.0085638735471236,1.057856878177772,0.007802999050974362,True,3038
SVI adjusted,CCT,"NB2, alpha = 1.0 (previous)",1.0,3082.640592808042,1.0314683512377356,0.9987694201047234,1.0652378198498884,0.059423277593859826,True,3038
EDI unadjusted,CMR,Poisson,,1946.2883859341364,0.9634512014481345,0.9375598473607801,0.9900575629223386,0.0073867481424345375,True,3029
EDI unadjusted,CMR,"NB2, estimated alpha",0.5939969303724912,1867.7613968310966,0.9477256421242632,0.9147954739525257,0.9818412074767865,0.002924109535110416,True,3029
EDI unadjusted,CMR,"NB2, alpha = 1.0 (previous)",1.0,1873.8999083260999,0.9429958335454505,0.9059587119333612,0.9815470952162861,0.0040913112816141385,True,3029
EDI unadjusted,CCT,Poisson,,3100.9300568615427,1.0022503059719512,0.9840568541443803,1.0207801221955508,0.8099531561856124,True,3029
EDI unadjusted,CCT,"NB2, estimated alpha",0.24191142081740985,3006.1804851881434,0.9894112718761907,0.9665416720202257,1.0128219954236763,0.3722975872508205,True,3029
EDI unadjusted,CCT,"NB2, alpha = 1.0 (previous)",1.0,3094.950413578985,0.9805417338649728,0.9509153023634093,1.0110911975664971,0.20936324512596782,True,3029
EDI adjusted,CMR,Poisson,,1813.1589015260884,0.9950903553122209,0.9679930090827383,1.0229462464545187,0.726790266294404,True,3029
EDI adjusted,CMR,"NB2, estimated alpha",0.44037388501415436,1756.756731170486,0.9928647862827453,0.9575775217293838,1.0294524061717354,0.6981382584578277,True,3029
EDI adjusted,CMR,"NB2, alpha = 1.0 (previous)",1.0,1773.271379449102,0.9897116665453176,0.9481056081885568,1.033143538479211,0.6369622003147619,True,3029
EDI adjusted,CCT,Poisson,,3017.5719004483844,1.0219547499323487,1.003004839454116,1.0412626837151633,0.022957084081170125,True,3029
EDI adjusted,CCT,"NB2, estimated alpha",0.19168601645985592,2947.140352044289,1.0162422154612072,0.9921611622781235,1.0409077474008215,0.18791087325660827,True,3029
EDI adjusted,CCT,"NB2, alpha = 1.0 (previous)",1.0,3057.1324995348223,1.0096712608018859,0.9769712499967569,1.0434657671785674,0.5666558630518335,True,3029
SDI unadjusted,CMR,Poisson,,1950.3329178372342,1.0236250883149682,0.9976053557731991,1.0503234724674444,0.07549232841614664,True,3027
SDI unadjusted,CMR,"NB2, estimated alpha",0.5808031604809277,1875.850438528595,1.016711681363199,0.9835813577661308,1.0509579455308968,0.32682266661486814,True,3027
SDI unadjusted,CMR,"NB2, alpha = 1.0 (previous)",1.0,1882.4650443289652,1.014379726551641,0.9761829646227538,1.0540710777888098,0.4659675472646416,True,3027
SDI unadjusted,CCT,Poisson,,3088.655192398542,1.0318289008626673,1.0138726214776599,1.050103196497963,0.0004685759525403781,True,3027
SDI unadjusted,CCT,"NB2, estimated alpha",0.2302301526826549,3002.425607006186,1.0245155791022316,1.001855164632935,1.0476885371028162,0.03380577378798453,True,3027
SDI unadjusted,CCT,"NB2, alpha = 1.0 (previous)",1.0,3094.677385830809,1.0204971547417847,0.9901579670615558,1.0517659580386287,0.18762192458521654,True,3027
SDI adjusted,CMR,Poisson,,1808.2465001676007,1.0296107724685084,1.003688172194929,1.0562028846717484,0.02490156005939793,True,3027
SDI adjusted,CMR,"NB2, estimated alpha",0.42836402781935484,1752.796002416972,1.0351093750996878,1.001134460113078,1.0702372769170743,0.0427083105039056,True,3027
SDI adjusted,CMR,"NB2, alpha = 1.0 (previous)",1.0,1770.418467821375,1.03540733935255,0.9946499032231755,1.0778348792988124,0.08947880796551255,True,3027
SDI adjusted,CCT,Poisson,,3007.5496303035425,1.0352616766491216,1.017338920918759,1.0535001827812087,0.00010056554530433167,True,3027
SDI adjusted,CCT,"NB2, estimated alpha",0.1859335698678049,2939.909755446999,1.0346739155557152,1.011813614429115,1.0580507084157202,0.002787504619919276,True,3027
SDI adjusted,CCT,"NB2, alpha = 1.0 (previous)",1.0,3052.6552528589227,1.0347430422201132,1.0029166331382553,1.0675794258916596,0.032138822516919845,True,3027
