county_fips,total_population,adult_pop_45plus
01001,60342,25839
01003,253507,124093
01005,24585,11190
01007,21868,9877
01009,59816,27163
01011,9897,4422
01013,18382,8631
01015,116429,50089
01017,34079,16318
01019,25666,13714
01021,46431,19944
01023,12252,6401
01025,22337,10546
01027,14111,6976
01029,15639,7269
01031,55643,23623
01033,58361,27196
01035,11174,5743
01037,10268,5844
01039,37952,18052
01041,13101,5998
01043,92016,41514
01045,49871,20953
01047,36165,16705
01049,72569,31855
01051,90441,39035
01053,36558,16178
01055,103241,47628
01057,15967,7629
01059,31802,13649
01061,26988,12835
01063,7341,3617
01065,14888,6497
01067,17899,8989
01069,108462,48032
01071,53467,25855
01073,662895,270755
01075,13661,6702
01077,96814,43406
01079,33502,15698
01081,183215,67276
01083,114654,49654
01085,9717,4579
01087,18370,8236
01089,412600,170546
01091,18684,8729
01093,29244,14156
01095,100756,42190
01097,411640,172589
01099,19229,9416
01101,224980,90119
01103,125133,55316
01105,7738,3613
01107,18688,8668
01109,33137,12045
01111,22786,11090
01113,58744,23921
01115,95552,42769
01117,233000,101687
01119,11727,4884
01121,81132,37789
01123,40677,20930
01125,237373,85005
01127,64728,29701
01129,15022,7260
01131,9944,4756
01133,23611,11957
02013,3461,1652
02016,5160,2241
02020,286075,102534
02050,18224,5128
02060,844,383
02063,6769,2917
02066,2674,1196
02068,1584,699
02070,4607,1503
02090,94840,30837
02100,2070,1122
02105,2262,1303
02110,31555,13597
02122,61223,27767
02130,13738,6079
02150,12565,4561
02158,8001,1915
02164,1331,531
02170,115239,43783
02180,9763,2823
02185,10603,3875
02188,7361,2009
02195,3427,1598
02198,5696,2721
02220,8282,3724
02230,1095,507
02240,7077,2801
02275,2064,1125
02282,687,338
02290,5129,2078
04001,65036,26508
04003,124640,60451
04005,144472,51536
04007,54003,30066
04009,39525,14181
04011,9369,3337
04012,16710,10546
04013,4585871,1858458
04015,223682,130603
04017,109175,47964
04019,1063162,471227
04021,484239,212998
04023,49158,20827
04025,249081,149605
04027,213221,84698
05001,16307,7625
05003,18262,8843
05005,42875,24123
05007,311013,114329
05009,38530,17894
05011,10104,4502
05013,4641,2367
05015,28814,14353
05017,9538,4640
05019,21274,7935
05021,14201,6827
05023,25445,13932
05025,7378,3614
05027,22150,8827
05029,21077,9876
05031,113993,41427
05033,61891,26851
05035,47139,18502
05037,16420,7284
05039,6185,3164
05041,10479,4737
05043,16945,7063
05045,129951,46834
05047,17468,8119
05049,12421,6504
05051,99784,50871
05053,18383,8284
05055,46743,19440
05057,19343,8538
05059,33258,15612
05061,12533,5427
05063,38320,16326
05065,14169,7450
05067,16784,7136
05069,63661,27767
05071,26129,11140
05073,6095,3241
05075,16318,7286
05077,8201,3743
05079,12898,5214
05081,11805,5696
05083,21400,10414
05085,75944,30347
05087,17775,7999
05089,17514,9978
05091,42415,18098
05093,38663,15512
05095,6512,3228
05097,8620,4864
05099,8120,3970
05101,7071,3839
05103,21793,10405
05105,10184,5038
05107,14961,6823
05109,10208,4862
05111,22397,9813
05113,19436,9582
05115,64593,26190
05117,8036,4079
05119,400009,162438
05121,18907,8202
05123,22101,9529
05125,129574,56513
05127,9851,4629
05129,7806,4200
05131,129098,53737
05133,15632,6010
05135,17968,9484
05137,12671,6901
05139,37397,16664
05141,16142,8860
05143,261549,88043
05145,78452,33151
05147,5964,2990
05149,20044,8986
06001,1622188,674466
06003,1141,624
06005,41811,23015
06007,207172,82641
06009,46565,26141
06011,22037,8415
06013,1155025,510458
06015,26589,12116
06017,192215,99352
06019,1017162,349550
06021,28129,11118
06023,133985,58058
06025,179057,61973
06027,18527,9279
06029,913820,303321
06031,152682,48360
06033,67878,33166
06035,28861,11906
06037,9663345,3980364
06039,162858,59137
06041,254407,137126
06043,16919,9356
06045,89108,44130
06047,291920,95572
06049,8500,4694
06051,13066,6043
06053,430723,163608
06055,133216,63840
06057,102037,57076
06059,3135755,1354691
06061,423561,197187
06063,19131,11109
06065,2492442,983215
06067,1584288,627081
06069,68175,25888
06071,2195611,790348
06073,3269973,1289722
06075,808988,353562
06077,800965,295094
06079,281639,127041
06081,726353,327557
06083,441257,167941
06085,1877592,762487
06087,261547,115458
06089,180366,82448
06091,3200,1930
06093,42905,22617
06095,449218,190421
06097,481812,231324
06099,551430,201763
06101,97948,39074
06103,64896,28947
06105,15670,9202
06107,479468,158560
06109,54204,28584
06111,829590,362598
06113,220544,75404
06115,85722,29451
08001,533365,183217
08003,16655,5866
08005,656061,254898
08007,14189,8126
08009,3344,1631
08011,5681,2557
08013,326831,135033
08014,76860,31751
08015,20617,10799
08017,1727,788
08019,9147,5023
08021,7521,3285
08023,3628,1959
08025,5636,2278
08027,5534,3479
08029,31746,17080
08031,716577,241467
08033,2513,1302
08035,383906,161176
08037,54381,23885
08039,28806,14143
08041,744215,270891
08043,50318,24619
08045,62707,24901
08047,5926,3438
08049,15935,7990
08051,17321,6793
08053,765,483
08055,7055,4239
08057,1309,733
08059,576366,251022
08061,1384,691
08063,6994,3079
08065,7365,2936
08067,56407,26969
08069,370771,148134
08071,14348,7413
08073,5480,2384
08075,20619,8973
08077,159681,72226
08079,944,552
08081,13327,5612
08083,26531,13157
08085,44156,22555
08087,29524,11340
08089,18136,8149
08091,5176,3185
08093,18117,10421
08095,4476,1988
08097,16640,8697
08099,11751,4846
08101,169422,74556
08103,6569,2838
08105,11188,5352
08107,25064,12083
08109,6688,3651
08111,802,446
08113,7868,3908
08115,2299,1256
08117,30465,13404
08119,24617,14167
08121,4855,2240
08123,359442,127884
08125,9862,3963
09110,975328,426723
09120,327651,142980
09130,176215,90043
09140,456128,209616
09150,96692,47304
09160,113463,59051
09170,568158,253263
09180,279634,128032
09190,623907,284677
10001,189789,80103
10003,578592,247581
10005,263509,150816
11001,678972,224097
12001,285994,100834
12003,28368,11364
12005,190769,85607
12007,27858,12142
12009,643979,333933
12011,1962531,893246
12013,13470,6159
12015,206134,138901
12017,166696,104282
12019,232439,102011
12021,404310,239103
12023,73063,33114
12027,35979,17084
12029,17465,9026
12031,1030822,406245
12033,326928,136929
12035,131439,77823
12037,12594,7069
12039,43833,20533
12041,19587,9133
12043,12786,6672
12045,15693,8285
12047,13471,6207
12049,25760,10065
12051,43333,16102
12053,212807,111221
12055,107614,63253
12057,1535564,618381
12059,19944,9319
12061,169795,103592
12063,48622,22412
12065,15450,8289
12067,8078,3595
12069,424462,219235
12071,834573,453402
12073,296913,104508
12075,46545,24387
12077,7706,3318
12079,18519,9177
12081,441095,243558
12083,409959,217305
12085,163315,96213
12086,2686867,1206260
12087,80614,45015
12089,101501,52354
12091,218464,87815
12093,41427,19189
12095,1471416,559814
12097,437784,167582
12099,1533801,778503
12101,632996,302495
12103,961596,525921
12105,818330,349995
12107,75955,37896
12109,320110,157212
12111,373586,187209
12113,203162,88485
12115,469013,297380
12117,484271,206664
12119,151565,118329
12121,46130,22089
12123,21582,10158
12125,15532,6497
12127,590357,305934
12129,36449,16256
12131,86354,41892
12133,25602,11793
13001,18457,8070
13003,8293,3280
13005,11124,4676
13007,2743,1481
13009,43396,17850
13011,19789,8976
13013,92792,34880
13015,115041,47644
13017,17128,7469
13019,18570,8199
13021,156512,62617
13023,12465,5454
13025,18401,8309
13027,16245,8101
13029,49739,16824
13031,84327,27841
13033,24438,10712
13035,26887,11263
13037,5457,2391
13039,58118,21358
13043,11059,4651
13045,127098,48452
13047,68910,31407
13049,12934,5242
13051,303655,122512
13053,8661,1282
13055,25222,11268
13057,286602,125091
13059,129933,40366
13061,2853,1481
13063,298300,104829
13065,6746,2867
13067,776743,309705
13069,43317,16743
13071,46167,18700
13073,165162,65237
13075,17714,7333
13077,155892,67049
13079,12277,6047
13081,19631,8850
13083,16165,7707
13085,31732,14601
13087,29087,12382
13089,762992,292107
13091,19776,9472
13093,10981,5518
13095,82645,33383
13097,149160,58223
13099,10563,4832
13101,3709,1467
13103,71541,26864
13105,20013,9356
13107,23119,9248
13109,10754,4426
13111,25955,15628
13113,123351,59282
13115,100113,41557
13117,272887,111727
13119,24782,10912
13121,1079105,409322
13123,32860,18385
13125,2954,1410
13127,86172,41832
13129,59757,25581
13131,26066,11632
13133,20722,12118
13135,983526,370596
13137,48757,21267
13139,217267,90704
13141,8676,4525
13143,32038,13381
13145,36654,17714
13147,27556,13783
13149,12034,5371
13151,254613,100506
13153,171974,64776
13155,9120,4036
13157,88615,35292
13159,16455,7354
13161,14906,6183
13163,15183,6721
13165,8627,3712
13167,9282,4385
13169,28969,12968
13171,20401,8536
13173,10452,4112
13175,49941,21434
13177,33872,13315
13179,69210,18203
13181,7879,4230
13183,19594,6155
13185,120712,40644
13187,35258,14739
13189,21799,9608
13191,11501,6699
13193,11817,5339
13195,32191,14044
13197,7440,3800
13199,20931,10056
13201,5747,2749
13205,21114,9262
13207,30625,14089
13209,8761,3825
13211,21460,10270
13213,41035,17395
13215,201877,75834
13217,120135,47447
13219,44182,19490
13221,15754,7359
13223,183164,70217
13225,28805,12016
13227,35969,18536
13229,20425,8768
13231,20461,8965
13233,44223,17777
13235,10095,4828
13237,23129,12233
13239,2280,1342
13241,17442,9976
13243,6078,3080
13245,205414,77858
13247,95987,41467
13249,4526,2140
13251,14174,6783
13253,9092,4782
13255,69946,30152
13257,27228,12550
13259,4674,1800
13261,28890,11825
13263,5718,3248
13265,1609,893
13267,24296,9875
13269,7758,3895
13271,10920,5091
13273,8718,4028
13275,45649,20426
13277,41554,16544
13279,27040,10722
13281,13035,8244
13283,6341,2667
13285,70742,28868
13287,8909,3814
13289,7691,4118
13291,27124,16794
13293,28263,12717
13295,69489,32021
13297,106702,45561
13299,36243,14814
13301,5106,2571
13303,19820,8830
13305,31373,12766
13307,2337,1308
13309,7081,3007
13311,29026,14713
13313,103687,41159
13315,8779,3954
13317,9518,4837
13319,8725,4111
13321,20273,9537
15001,207615,102008
15003,989408,431426
15005,81,57
15007,73851,35508
15009,164183,78610
16001,524673,216861
16003,4903,2864
16005,90400,33220
16007,6766,3027
16009,10369,5187
16011,50395,18668
16013,25041,13080
16015,8517,5075
16017,52547,28090
16019,131366,45250
16021,13557,6596
16023,2758,1365
16025,1232,649
16027,257674,95112
16029,7219,2928
16031,25696,9045
16033,801,349
16035,9214,5326
16037,4523,2639
16039,29724,10513
16041,15494,5710
16043,14196,6063
16045,21071,10280
16047,16061,6764
16049,17890,9624
16051,34198,11523
16053,25479,9111
16055,185010,83432
16057,41301,13996
16059,8441,4714
16061,3739,1970
16063,5450,2149
16065,54547,7850
16067,22480,8548
16069,42987,19769
16071,4953,2108
16073,12722,5560
16075,27279,11933
16077,8253,3089
16079,14026,6906
16081,12549,5497
16083,95156,36660
16085,12644,7019
16087,11425,5693
17001,64441,29372
17003,4695,2458
17005,16450,7208
17007,53202,23439
17009,6294,2517
17011,32729,16231
17013,4317,2343
17015,15526,7848
17017,12596,5521
17019,205644,69171
17021,33228,15782
17023,15088,7124
17025,12999,6083
17027,36785,16676
17029,46060,19169
17031,5087072,2086957
17033,18300,8492
17035,10261,4897
17037,100288,35365
17039,15365,7330
17041,19629,8382
17043,921213,404002
17045,16334,8353
17047,5968,2988
17049,34331,15061
17051,21164,9422
17053,13250,6010
17055,37138,17637
17057,32541,15802
17059,4670,2509
17061,11543,5696
17063,53578,21980
17065,7911,3786
17067,17186,8674
17069,3569,1964
17071,6088,3420
17073,48448,23420
17075,26136,12899
17077,52141,19170
17079,9144,4424
17081,36320,16644
17083,21091,10259
17085,21756,12442
17087,13326,6140
17089,514982,217787
17091,105940,45414
17093,139976,50852
17095,48411,22901
17097,708760,302760
17099,108309,50340
17101,14813,6579
17103,33654,16266
17105,35320,16072
17107,27590,12210
17109,26839,10643
17111,312800,139535
17113,170441,63364
17115,100591,45880
17117,44018,21655
17119,262752,116686
17121,36673,16728
17123,11683,5926
17125,12523,6381
17127,13661,6912
17129,11954,5792
17131,15487,7591
17133,34957,16768
17135,27663,13093
17137,32140,15014
17139,14342,6219
17141,51265,23929
17143,177513,74040
17145,20503,9413
17147,16714,7968
17149,14342,6675
17151,3707,2412
17153,4911,2388
17155,5561,2880
17157,29815,14124
17159,15488,7249
17161,141236,62934
17163,251018,108404
17165,22873,11078
17167,193491,87936
17169,6733,3520
17171,4710,2372
17173,20568,10392
17175,5218,2561
17177,43105,21770
17179,129541,59364
17181,16667,8270
17183,71652,32293
17185,10942,5234
17187,16185,7188
17189,13536,6731
17191,15761,7567
17193,13401,6605
17195,54498,26060
17197,700728,294310
17199,66706,30904
17201,280922,122675
17203,38285,17095
18001,36288,13711
18003,394545,153221
18005,84003,34368
18007,8729,3799
18009,11893,5729
18011,76120,30993
18013,15653,9051
18015,20525,9865
18017,37666,16961
18019,125467,53791
18021,26460,12007
18023,32730,13339
18025,10438,5343
18027,33656,12807
18029,51215,24316
18031,26399,11676
18033,44198,19008
18035,112321,45293
18037,43546,19646
18039,206409,80179
18041,23362,11082
18043,80809,35406
18045,16731,7871
18047,23096,11036
18049,20358,9439
18051,32904,14487
18053,66200,29043
18055,31196,14906
18057,371645,149266
18059,86166,37250
18061,40006,18746
18063,186387,75624
18065,48929,22779
18067,83831,37497
18069,36781,16551
18071,46460,19486
18073,33535,15328
18075,20032,8771
18077,33056,15354
18079,27622,12421
18081,167819,67612
18083,36070,15481
18085,80364,34713
18087,40907,14956
18089,500598,217411
18091,111706,50757
18093,45084,21454
18095,132504,58974
18097,968460,345437
18099,46352,20612
18101,9897,4698
18103,35402,15791
18105,139342,48450
18107,38573,17169
18109,73227,34089
18111,13960,6666
18113,47430,20533
18115,6004,3161
18117,19638,9276
18119,21532,10861
18121,16484,7601
18123,19209,8738
18125,12106,5810
18127,175335,78328
18129,25040,12103
18131,12385,5948
18133,37567,16127
18135,24216,11395
18137,29227,13093
18139,16847,7775
18141,272848,108879
18143,24657,11063
18145,45231,20832
18147,19910,9651
18149,23206,11012
18151,34917,17080
18153,20757,9449
18155,10019,4724
18157,188792,59032
18159,15256,7586
18161,6973,3397
18163,179810,76093
18165,15417,7258
18167,106153,42326
18169,30670,14709
18171,8518,4118
18173,65867,29642
18175,28205,13036
18177,66127,29833
18179,28555,12396
18181,24917,11711
18183,34742,15906
19001,7389,3535
19003,3544,1836
19005,14074,6745
19007,12119,6059
19009,5534,2851
19011,25796,12204
19013,130471,51074
19015,26590,12466
19017,25307,10848
19019,20691,9062
19021,20567,7963
19023,14172,6904
19025,9763,4588
19027,20522,9468
19029,13130,6345
19031,18302,8959
19033,42406,20863
19035,11605,5674
19037,11658,5650
19039,9588,4237
19041,16511,7732
19043,16969,8689
19045,46158,21581
19047,16013,6935
19049,111092,39839
19051,9169,3746
19053,7665,3220
19055,17600,8513
19057,38253,17804
19059,18056,9766
19061,98887,42652
19063,9229,4494
19065,19210,9234
19067,15326,7334
19069,9875,4644
19071,6458,3276
19073,8584,4236
19075,12384,5706
19077,10722,5480
19079,14729,6909
19081,10615,5183
19083,16463,8260
19085,14670,6953
19087,19547,9017
19089,9376,4258
19091,9500,4383
19093,6833,3145
19095,16381,7701
19097,19342,9548
19099,37919,17212
19101,15440,7872
19103,157528,52390
19105,20900,10112
19107,9914,4734
19109,14396,7146
19111,32565,15713
19113,228972,96872
19115,10513,5044
19117,8747,4184
19119,12324,5078
19121,16971,7617
19123,21874,9494
19125,33770,14893
19127,40014,16770
19129,14633,6972
19131,10518,4933
19133,8493,4125
19135,7504,3512
19137,10139,4902
19139,42218,18479
19141,14012,6180
19143,5978,2934
19145,15014,7515
19147,8810,4091
19149,25722,11487
19151,6976,3457
19153,505255,190259
19155,93179,41282
19157,18453,8425
19159,4642,2271
19161,9686,4793
19163,174270,74044
19165,11806,5815
19167,36246,13518
19169,98566,30569
19171,16833,7851
19173,5924,2728
19175,11906,5401
19177,7266,3491
19179,35166,15047
19181,55205,22911
19183,22560,10015
19185,6557,2989
19187,36485,15748
19189,10571,4872
19191,19815,9570
19193,105951,41046
19195,7297,3596
19197,12656,5693
20001,12412,5589
20003,7838,3577
20005,16016,6573
20007,4071,2012
20009,24899,11028
20011,14408,6097
20013,9250,4242
20015,68632,28280
20017,2579,1263
20019,3347,1653
20021,19054,8884
20023,2636,1281
20025,1847,873
20027,8007,3859
20029,8854,3917
20031,8251,4038
20033,1655,834
20035,34157,14634
20037,38764,14516
20039,2712,1423
20041,18445,8592
20043,7493,3407
20045,120553,40876
20047,2733,1319
20049,2467,1299
20051,28810,10597
20053,6357,3037
20055,37466,12585
20057,33980,11522
20059,26125,11510
20061,35047,7289
20063,2735,1284
20065,2376,1250
20067,7147,2688
20069,5743,2215
20071,1181,508
20073,5870,3070
20075,2437,924
20077,5435,2476
20079,33504,14831
20081,3630,1452
20083,1655,775
20085,13368,6067
20087,18327,9004
20089,2847,1554
20091,622237,255185
20093,3823,1446
20095,7066,3254
20097,2374,1080
20099,19728,8946
20101,1529,753
20103,83518,33947
20105,2920,1497
20107,9860,5012
20109,2665,1159
20111,32172,11974
20113,30091,13020
20115,11690,5595
20117,9933,4719
20119,3911,1667
20121,35320,15973
20123,5719,2655
20125,30568,13796
20127,5334,2772
20129,2580,1210
20131,10114,4396
20133,15420,6892
20135,2618,1286
20137,5330,2434
20139,15824,7535
20141,3427,1722
20143,5818,2750
20145,6126,3128
20147,4761,2375
20149,26382,9986
20151,9082,3941
20153,2463,1265
20155,61497,27718
20157,4627,2316
20159,9260,3960
20161,71402,17558
20163,4778,2344
20165,2830,1521
20167,6723,3385
20169,53098,23562
20171,4922,2094
20173,528469,205253
20175,21067,6760
20177,177746,78114
20179,2423,1127
20181,5844,2488
20183,3590,1963
20185,3909,1811
20187,1901,797
20189,5077,2047
20191,22334,10128
20193,7865,3132
20195,2731,1474
20197,7057,3343
20199,1509,683
20201,5504,2598
20203,2082,925
20205,8382,3969
20207,3115,1602
20209,165281,59672
21001,19264,8888
21003,21788,9847
21005,24613,11131
21007,7582,3769
21009,45008,20052
21011,12975,5624
21013,23317,10804
21015,140496,57239
21017,20134,9495
21019,47826,22366
21021,30988,13495
21023,8426,3875
21025,12953,6175
21027,21124,10013
21029,84863,38695
21031,12375,5625
21033,12551,5893
21035,38280,15074
21037,93702,40230
21039,4704,2180
21041,10987,4508
21043,26366,12291
21045,15918,7385
21047,72032,21497
21049,37304,16831
21051,19648,8545
21053,9148,4393
21055,8974,4290
21057,6000,2988
21059,103458,43674
21061,12448,6293
21063,7245,3504
21065,13936,6721
21067,320154,121040
21069,15442,6962
21071,34423,16141
21073,51644,23258
21075,6338,2802
21077,8792,3820
21079,17829,8510
21081,25619,10369
21083,36461,16259
21085,26825,12052
21087,11468,5679
21089,35221,17260
21091,8920,4100
21093,112273,44872
21095,25324,11541
21097,19415,8868
21099,19724,8871
21101,44119,19997
21103,15973,7260
21105,4447,2381
21107,44929,20241
21109,13104,5979
21111,772144,323931
21113,55017,23109
21115,22116,10332
21117,171321,69854
21119,13659,6637
21121,29794,12865
21123,15303,6828
21125,63296,27733
21127,16000,7344
21129,7293,3459
21131,9864,4728
21133,20423,9939
21135,12973,6111
21137,24776,11062
21139,8892,4566
21141,28283,12431
21143,9187,4801
21145,67428,31037
21147,17050,7113
21149,9054,4217
21151,96735,36927
21153,11228,5347
21155,19834,8702
21157,31744,16011
21159,10928,4718
21161,16841,7776
21163,30131,13018
21165,6286,3269
21167,23097,10901
21169,10482,4880
21171,11306,5157
21173,28527,12465
21175,14283,6385
21177,30568,14360
21179,47730,21005
21181,7686,3375
21183,23626,10556
21185,70183,30023
21187,11313,5505
21189,4001,1876
21191,14810,6881
21193,27133,12239
21195,55973,26973
21197,12972,5555
21199,66191,31194
21201,2313,1172
21203,16190,7790
21205,24409,8830
21207,18279,8729
21209,60168,23167
21211,49515,22060
21213,20195,8680
21215,20531,9498
21217,26443,11047
21219,12494,5164
21221,14369,7359
21223,8607,4066
21225,13106,6227
21227,142229,50568
21229,12267,5626
21231,19580,9676
21233,12726,5650
21235,36825,14347
21237,6282,2992
21239,27268,13083
22001,56489,23158
22003,22112,8683
22005,131632,50180
22007,20160,9655
22009,38408,16237
22011,36827,14870
22013,12366,5849
22015,129795,50238
22017,226386,98229
22019,203761,82155
22021,9389,4097
22023,4768,2194
22025,8414,3680
22027,13670,6533
22029,17688,7680
22031,27114,11970
22033,448467,165948
22035,6829,2668
22037,19229,9391
22039,31754,12731
22041,19285,8405
22043,21911,8693
22045,67659,28303
22047,29617,12728
22049,14746,6935
22051,421777,186829
22053,31553,13200
22055,249750,96745
22057,95056,40557
22059,14800,5713
22061,47962,15715
22063,150145,57025
22065,9246,3872
22067,23955,10788
22069,36291,13896
22071,364136,152817
22073,157568,62795
22075,22386,9044
22077,20000,9716
22079,126260,52454
22081,7356,3389
22083,19712,8436
22085,21906,10129
22087,44463,16571
22089,50620,21577
22091,10774,5007
22093,19191,8807
22095,39592,16776
22097,81464,33206
22099,51057,22113
22101,47055,21162
22103,275583,122564
22105,138064,53009
22107,3764,2032
22109,103616,42842
22111,20650,10212
22113,56992,23713
22115,46250,15628
22117,44865,19639
22119,35238,16304
22121,28266,11049
22123,9323,4422
22125,15371,7156
22127,13216,5878
23001,113765,50764
23003,67351,36295
23005,310230,145003
23007,30828,15501
23009,56526,30898
23011,127259,61729
23013,40977,22644
23015,36507,20907
23017,59905,31995
23019,155312,73262
23021,17486,9978
23023,37513,19569
23025,51302,26885
23027,40620,21522
23029,31555,17105
23031,218586,110061
24001,67273,30918
24003,594582,248787
24005,844703,366861
24009,94728,41730
24011,33593,14803
24013,176639,80062
24015,105672,47448
24017,171973,72094
24019,32879,16316
24021,293391,121116
24023,28423,15183
24025,264644,117699
24027,336001,141953
24029,19303,10284
24031,1058474,466520
24033,947430,398326
24035,52508,26202
24037,115281,45947
24039,24910,10425
24041,37823,21071
24043,155813,69224
24045,104800,41980
24047,54171,30365
24510,565239,215375
25001,231735,142579
25003,126818,67618
25005,581841,262693
25007,20819,11696
25009,810089,366296
25011,70836,37298
25013,460291,201362
25015,162502,68831
25017,1623952,684204
25019,14444,6602
25021,727473,326201
25023,535308,256007
25025,768425,268343
25027,866866,384083
26001,10489,7006
26003,8757,4738
26005,121939,54822
26007,28904,15061
26009,24409,13904
26011,15145,8315
26013,8310,4195
26015,63808,30036
26017,102500,49956
26019,18441,10332
26021,152261,72623
26023,45215,20371
26025,133366,58743
26027,51642,26012
26029,26159,14510
26031,26048,15037
26033,36264,16109
26035,31316,16853
26037,79720,36650
26039,13538,7609
26041,36790,19545
26043,25982,13251
26045,108820,50053
26047,34123,17875
26049,401522,180931
26051,25853,14388
26053,14224,8158
26055,96421,46590
26057,41368,17506
26059,45587,21711
26061,37599,14222
26063,30927,16848
26065,284637,101693
26067,66262,28028
26069,25373,14857
26071,11740,6942
26073,64118,21942
26075,159424,72596
26077,262215,99604
26079,18490,9215
26081,661354,252471
26083,2172,1343
26085,12734,7355
26087,88977,44133
26089,23019,13968
26091,97520,45971
26093,196757,96657
26095,6435,3160
26097,10851,6439
26099,875101,398968
26101,25562,13990
26103,66999,28828
26105,29159,15341
26107,41099,18705
26109,22945,12818
26111,84039,39062
26113,15311,7372
26115,155045,73922
26117,68154,30497
26119,9678,6051
26121,176564,77296
26123,51108,24511
26125,1270426,581483
26127,26981,13284
26129,20990,11702
26131,5906,4018
26133,23330,11407
26135,8545,4789
26137,25747,12677
26139,303372,120619
26141,13285,8239
26143,23863,15243
26145,187782,85437
26147,159874,78723
26149,60878,26929
26151,40368,20446
26153,8149,4725
26155,68025,32446
26157,52826,26370
26159,75798,34931
26161,365536,141303
26163,1751169,730577
26165,34122,15837
27001,16102,10234
27003,372441,155193
27005,35283,17015
27007,46718,18231
27009,41600,15955
27011,5105,2632
27013,70006,24052
27015,25628,11864
27017,36825,16614
27019,111057,46632
27021,31446,17213
27023,12172,5437
27025,58535,26237
27027,66258,22946
27029,8644,3927
27031,5639,3300
27033,11319,5199
27035,68304,34798
27037,447440,185621
27039,21088,8721
27041,39953,19632
27043,13873,6766
27045,21522,10076
27047,30515,14810
27049,48035,22640
27051,6139,2910
27053,1258713,500719
27055,18582,9348
27057,22132,11855
27059,43182,18716
27061,45365,23695
27063,9919,4909
27065,16602,8123
27067,43813,19376
27069,4060,2124
27071,11751,6580
27073,6630,3436
27075,10855,5966
27077,3778,2122
27079,29255,13434
27081,5521,2714
27083,25427,10288
27085,36785,17033
27087,5280,2110
27089,8810,4264
27091,19657,9567
27093,23490,11033
27095,27427,12373
27097,34250,16213
27099,40058,16744
27101,8049,4135
27103,34242,13940
27105,21727,8612
27107,6329,3058
27109,164784,66344
27111,60626,31024
27113,13714,6058
27115,30197,15221
27117,9245,4095
27119,30412,13236
27121,11400,5708
27123,536075,204968
27125,3911,1852
27127,15288,6912
27129,14348,6771
27131,67948,27555
27133,9551,4347
27135,15252,7203
27137,200514,91517
27139,155814,62141
27141,102206,39007
27143,15084,6901
27145,160977,62081
27147,37421,16515
27149,9728,3496
27151,9719,4659
27153,25667,12344
27155,3136,1605
27157,21683,10877
27159,14241,6252
27161,18981,8311
27163,278936,120274
27165,11077,4898
27167,6306,2959
27169,49721,20512
27171,151150,59378
27173,9467,4419
28001,28746,13558
28003,34135,15481
28005,12442,6590
28007,17359,7649
28009,7438,3604
28011,28968,11872
28013,12685,6030
28015,9535,5005
28017,16866,7157
28019,8088,3994
28021,8617,3346
28023,15228,7282
28025,18206,8110
28027,20077,7886
28029,27664,12403
28031,18059,7649
28033,193247,76256
28035,78208,27076
28037,7610,3602
28039,25619,9977
28041,13601,5693
28043,21065,9229
28045,46159,23843
28047,210612,88061
28049,214870,86678
28051,15777,6417
28053,7216,3175
28055,1256,476
28057,24093,10299
28059,146389,63914
28061,16013,7464
28063,6941,3140
28065,10969,5581
28067,66250,27846
28069,8584,3988
28071,58467,20282
28073,66217,26471
28075,70527,30880
28077,11741,5324
28079,21258,9180
28081,82799,33716
28083,26378,10093
28085,34702,15440
28087,57283,23518
28089,112511,47313
28091,24224,10676
28093,34123,15572
28095,33609,15568
28097,9600,4585
28099,28789,11392
28101,21019,8822
28103,9914,4197
28105,51203,14749
28107,32669,14039
28109,57978,26317
28111,11315,5173
28113,39394,16504
28115,31535,12516
28117,25135,10504
28119,5546,2454
28121,160417,67870
28123,27507,11148
28125,3336,1599
28127,25715,11591
28129,14099,6529
28131,18756,8209
28133,24468,9619
28135,11837,5068
28137,28261,11960
28139,21287,9197
28141,18507,8833
28143,9234,3451
28145,28284,11779
28147,13863,6462
28149,42298,18871
28151,41946,17904
28153,19703,8469
28155,9988,4354
28157,8058,3620
28159,17416,8135
28161,12386,6014
28163,25796,9631
29001,25122,8727
29003,18127,8451
29005,5107,2668
29007,24394,10898
29009,35265,16946
29011,11731,5392
29013,16242,7371
29015,20552,12304
29017,10544,5168
29019,189463,65204
29021,82956,35195
29023,41948,18466
29025,8955,4160
29027,44731,19736
29029,44044,26034
29031,82984,33768
29033,8391,4067
29035,5303,2491
29037,111732,49345
29039,14672,7042
29041,7399,3631
29043,94422,39326
29045,6641,3223
29047,259772,104646
29049,21548,9943
29051,77278,33538
29053,16947,7555
29055,22719,10831
29057,7716,4017
29059,17768,8253
29061,8551,3963
29063,9899,4624
29065,14647,7123
29067,12228,5975
29069,27032,11802
29071,106404,49281
29073,14705,7555
29075,6287,2731
29077,304611,121186
29079,9815,4411
29081,8220,3841
29083,22485,10784
29085,8718,5246
29087,4248,2197
29089,10101,4402
29091,40735,18262
29093,9440,4660
29095,718560,285190
29097,125056,49540
29099,231230,101942
29101,54962,18320
29103,3723,1767
29105,36680,16069
29107,33196,15219
29109,38872,16535
29111,9818,4266
29113,64699,25913
29115,11791,5482
29117,14557,6408
29119,23903,10295
29121,15161,7254
29123,12698,5883
29125,8430,4226
29127,28336,12391
29129,3469,1664
29131,25590,11669
29133,11822,5254
29135,15256,6331
29137,8698,4431
29139,11459,5521
29141,21970,10906
29143,15424,7203
29145,60677,26780
29147,20695,8000
29149,8720,4205
29151,13468,6057
29153,8970,5066
29155,14613,6251
29157,18950,8891
29159,43530,17976
29161,45284,18056
29163,17935,7946
29165,111940,46701
29167,32780,13906
29169,53812,14423
29171,4638,2245
29173,10489,5462
29175,24109,10409
29177,23182,10799
29179,5950,3143
29181,10806,4873
29183,416659,179439
29185,9752,5072
29186,18642,8899
29187,67058,28755
29189,987059,436933
29195,23049,9515
29197,4053,1765
29199,4676,1922
29201,37889,16515
29203,7238,3609
29205,5931,2758
29207,28397,13223
29209,32658,19619
29211,5797,2823
29213,56775,26953
29215,25619,12000
29217,19710,8909
29219,37806,16998
29221,23534,10718
29223,10811,5728
29225,41472,16411
29227,1907,1005
29229,19403,8419
29510,281754,110463
30001,9885,4721
30003,12751,4584
30005,6899,2705
30007,8032,4004
30009,11419,6451
30011,1418,743
30013,84900,35886
30015,5847,2884
30017,11985,5542
30019,1633,828
30021,8810,4019
30023,9673,5529
30025,2994,1295
30027,11772,5837
30029,113679,52329
30031,126409,43808
30033,1211,583
30035,13609,4810
30037,835,495
30039,3595,2100
30041,16276,6064
30043,13048,6718
30045,2093,1144
30047,33338,16347
30049,75011,34081
30051,1974,947
30053,21895,12624
30055,1676,889
30057,9521,5383
30059,2071,1177
30061,5090,2820
30063,121849,47961
30065,5308,2856
30067,17903,9233
30069,554,328
30071,4249,2085
30073,6125,2850
30075,1743,988
30077,7133,3548
30079,1112,674
30081,47738,25691
30083,11173,4664
30085,10319,3334
30087,8160,3296
30089,13684,8189
30091,3498,1790
30093,36360,15932
30095,9173,4792
30097,3763,2039
30099,6430,3001
30101,5133,2125
30103,772,392
30105,7474,3699
30107,2057,987
30109,910,462
30111,170843,71384
31001,30899,13223
31003,6302,2997
31005,412,192
31007,674,354
31009,436,228
31011,5310,2547
31013,10692,4749
31015,1725,987
31017,2853,1430
31019,50697,19023
31021,6727,3339
31023,8459,3920
31025,27446,12706
31027,8262,3926
31029,3724,1777
31031,5492,2565
31033,9541,4485
31035,6116,2731
31037,10566,3949
31039,8918,4059
31041,10581,4947
31043,21268,7657
31045,8133,3387
31047,24085,9424
31049,1871,1062
31051,5491,2554
31053,37187,15830
31055,589540,217886
31057,1561,873
31059,5548,2810
31061,2825,1475
31063,2585,1264
31065,4556,2330
31067,21634,10379
31069,1794,1029
31071,1763,952
31073,1847,959
31075,565,268
31077,2219,1090
31079,62197,24164
31081,9537,4295
31083,3045,1631
31085,846,415
31087,2552,1269
31089,10093,4755
31091,679,350
31093,6527,3091
31095,7054,3500
31097,5198,2334
31099,6770,3031
31101,8113,4312
31103,805,448
31105,3289,1763
31107,8298,4109
31109,326716,120536
31111,33365,15509
31113,655,347
31115,592,332
31117,383,220
31119,35627,14530
31121,7755,3640
31123,4504,2155
31125,3274,1536
31127,7076,2981
31129,4095,2156
31131,16335,7476
31133,2512,1316
31135,2795,1307
31137,9057,3965
31139,7299,3203
31141,34609,14416
31143,5228,2599
31145,10457,4778
31147,7689,3904
31149,1271,650
31151,14555,5783
31153,199886,72761
31155,23463,10373
31157,35699,15957
31159,17671,7300
31161,4928,2589
31163,2983,1554
31165,1154,643
31167,5856,2712
31169,4829,2424
31171,677,338
31173,6557,2066
31175,4012,1958
31177,21152,9691
31179,9874,3550
31181,3351,1630
31183,775,423
31185,14356,6182
32001,25803,11118
32003,2336573,963685
32005,49545,30088
32007,54293,20079
32009,736,452
32011,1917,948
32013,17136,6812
32015,5769,2355
32017,4452,2227
32019,62583,29304
32021,4528,2367
32023,55720,31902
32027,6364,2979
32029,4177,2612
32031,498022,211633
32033,8522,3964
32510,58036,27059
33001,65027,35240
33003,52448,31918
33005,77703,37875
33007,31372,17487
33009,93146,45695
33011,427354,192509
33013,157103,74112
33015,320689,160873
33017,133243,56166
33019,43969,23116
34001,275213,129891
34003,957736,444646
34005,469167,215581
34007,527196,221488
34009,94610,54147
34011,152326,61749
34013,851117,342911
34015,308423,134828
34017,705472,251335
34019,130183,67304
34021,381671,163738
34023,863623,368784
34025,642799,310147
34027,514423,241878
34029,659197,304847
34031,513395,212992
34033,65338,29942
34035,348842,162043
34037,146132,70720
34039,572726,240636
34041,111252,54565
35001,671586,288223
35003,3825,2692
35005,63561,25091
35006,26780,11045
35007,12255,6641
35009,47222,15305
35011,1657,851
35013,225210,85522
35015,60275,22413
35017,27472,15064
35019,4292,1874
35021,624,400
35023,3965,1936
35025,72101,23734
35027,20029,11494
35028,19444,8580
35029,25316,10598
35031,68797,25374
35033,4123,2419
35035,68835,26898
35037,8510,4372
35039,39876,18767
35041,18787,6529
35043,155936,70640
35045,120675,48807
35047,26668,13783
35049,155956,85510
35051,11488,7128
35053,15963,7137
35055,34405,19903
35057,15633,7613
35059,3964,1869
35061,79141,34312
36001,316659,133140
36003,46651,20633
36005,1356476,532844
36007,196077,86306
36009,75600,35654
36011,74485,36264
36013,124891,59304
36015,81325,37691
36017,45920,22918
36019,78115,35614
36021,60470,33886
36023,45752,18827
36025,44410,23958
36027,297150,140010
36029,946147,422773
36031,36775,20566
36033,46502,21652
36035,52234,25534
36037,57529,27329
36039,47062,24835
36041,5082,3305
36043,59484,29066
36045,114787,40922
36047,2561225,998145
36049,26548,12548
36051,61158,28376
36053,66921,31794
36055,748482,327886
36057,49368,21842
36059,1381715,639075
36061,1597451,674886
36063,209457,100511
36065,227555,103197
36067,467873,204894
36069,112494,55520
36071,407470,162213
36073,39124,18998
36075,118162,53097
36077,60126,27200
36079,98060,47955
36081,2252196,1021630
36083,159305,70862
36085,490687,218970
36087,340807,130512
36089,106940,47355
36091,238711,115586
36093,159902,68500
36095,30105,15256
36097,17507,9188
36099,32349,15396
36101,92162,44031
36103,1523170,705670
36105,79920,36691
36107,47715,23641
36109,103558,38111
36111,182333,89377
36113,65380,34175
36115,60047,30409
36117,90829,44259
36119,990817,456688
36121,39532,19123
36123,24472,11467
37001,179165,76391
37003,36473,17767
37005,11342,6513
37007,21897,9979
37009,27063,15270
37011,17561,9180
37013,44481,23863
37015,16922,8789
37017,29484,14813
37019,159964,100267
37021,275901,130891
37023,88338,44489
37025,240016,94868
37027,80574,40297
37029,11137,4970
37031,69615,39517
37033,22807,11634
37035,164645,75845
37037,81624,44048
37039,29959,18067
37041,13891,7282
37043,11864,7344
37045,101378,45940
37047,50121,23360
37049,102391,45298
37051,337890,112077
37053,31593,14717
37055,38110,21091
37057,174804,81720
37059,44599,22402
37061,49520,22409
37063,336892,126219
37065,48832,22587
37067,392921,165235
37069,77001,34686
37071,237242,102389
37073,10343,5378
37075,8052,4176
37077,62192,29126
37079,20530,8859
37081,549866,223447
37083,47298,22903
37085,141477,52234
37087,62969,33521
37089,119230,63699
37091,19453,9421
37093,54446,18642
37095,4607,2425
37097,199710,89631
37099,44574,19418
37101,241955,97658
37103,9401,4896
37105,67059,28821
37107,54895,25642
37109,95675,46810
37111,44893,22291
37113,38412,21114
37115,22071,11078
37117,21447,11172
37119,1163701,422714
37121,14999,8029
37123,26085,12924
37125,106898,50960
37127,96551,44599
37129,238852,106661
37131,16715,9525
37133,213676,56203
37135,150626,60807
37137,12423,7534
37139,41444,17788
37141,68521,31145
37143,13377,7398
37145,39737,19568
37147,175119,64166
37149,20060,12280
37151,147458,67577
37153,42324,18636
37155,117365,46913
37157,92518,45992
37159,151661,67130
37161,65507,32919
37163,59601,25988
37165,34376,14634
37167,65699,29622
37169,45532,23895
37171,71462,34990
37173,13916,6402
37175,33549,19331
37177,3461,1747
37179,256452,107084
37181,42301,18764
37183,1190275,462828
37185,18836,10155
37187,10713,5848
37189,54748,20990
37191,118686,48748
37193,66013,33454
37195,78970,35403
37197,37774,18688
37199,18938,10215
38001,2163,1158
38003,10726,5192
38005,5745,2103
38007,1034,490
38009,6349,3152
38011,2867,1375
38013,2134,1005
38015,100012,41065
38017,196362,64139
38019,3596,1866
38021,4900,2161
38023,2135,1040
38025,4019,1695
38027,2263,1062
38029,3224,1776
38031,3309,1636
38033,1743,936
38035,72708,23730
38037,2215,1214
38039,2248,1223
38041,2415,1138
38043,2342,1212
38045,4096,2134
38047,1869,932
38049,5131,2441
38051,2488,1365
38053,14252,4316
38055,9832,5143
38057,8309,4021
38059,33895,13816
38061,9383,3447
38063,2991,1620
38065,1879,942
38067,6661,3360
38069,3902,1911
38071,11463,5188
38073,5603,2719
38075,2279,1080
38077,16558,7073
38079,11728,4120
38081,3776,1864
38083,1266,738
38085,3643,1168
38087,674,399
38089,33001,11523
38091,1782,911
38093,21392,9713
38095,2030,1078
38097,7908,3571
38099,10305,4981
38101,68332,23690
38103,3876,2132
38105,39113,11741
39001,27521,12629
39003,100838,43731
39005,52190,23975
39007,96845,45675
39009,62706,22748
39011,46050,20799
39013,64918,31717
39015,43777,20461
39017,393043,158774
39019,26758,13557
39021,38845,18087
39023,134610,61767
39025,211972,95240
39027,41938,18703
39029,100182,49603
39031,36869,16751
39033,41529,19864
39035,1233088,550083
39037,51415,23779
39039,38315,17097
39041,231636,97846
39043,74035,37239
39045,165360,70639
39047,28817,12816
39049,1326063,473199
39051,42007,19346
39053,28986,13239
39055,95407,47680
39057,169691,72600
39059,38089,17671
39061,827058,330455
39063,74704,32623
39065,30368,12082
39067,14159,7146
39069,27520,12613
39071,43614,19751
39073,27540,13328
39075,44386,15991
39077,58199,25992
39079,32606,14320
39081,64026,31088
39083,63320,27911
39085,231640,113700
39087,56118,26307
39089,183201,80061
39091,46057,21509
39093,317910,148141
39095,425484,180198
39097,44602,19742
39099,225596,108349
39101,64851,28837
39103,184042,88461
39105,21767,10787
39107,42439,18334
39109,110876,50209
39111,13153,6719
39113,533796,227580
39115,13646,6750
39117,35595,17041
39119,86305,38409
39121,14311,8322
39123,39803,22530
39125,18706,8638
39127,35551,16213
39129,61086,26009
39131,27001,12279
39133,162665,71301
39135,40556,19298
39137,34199,15134
39139,125064,56033
39141,76501,34858
39143,58709,27427
39145,71969,32129
39147,54527,24225
39149,47765,21097
39151,372716,171931
39153,535733,244295
39155,200373,96882
39157,91874,41786
39159,69637,27624
39161,28704,13096
39163,12474,6030
39165,252148,108836
39167,58577,28641
39169,116510,50185
39171,36591,16877
39173,132650,52370
39175,21457,10169
40001,19627,8010
40003,5673,2715
40005,14525,6272
40007,5018,2244
40009,22042,8506
40011,8539,3765
40013,48967,19664
40015,26214,10135
40017,175829,63927
40019,48596,20031
40021,48185,19485
40023,14276,6463
40025,2191,1030
40027,301193,112842
40029,5266,2412
40031,121574,42741
40033,5427,2540
40035,14494,6501
40037,73332,32390
40039,28266,9752
40041,41703,21729
40043,4286,1843
40045,3648,1813
40047,62023,23990
40049,25865,10894
40051,57375,24380
40053,4083,1899
40055,5466,2328
40057,2392,1057
40059,3190,1454
40061,11832,5368
40063,13436,5628
40065,24669,9320
40067,5347,2457
40069,10216,4373
40071,43641,18434
40073,15481,6217
40075,8398,3871
40077,9526,4352
40079,49596,20849
40081,34562,15662
40083,53029,23115
40085,10296,4452
40087,47072,19269
40089,30660,12587
40091,19603,10143
40093,7581,3406
40095,15970,7613
40097,39889,17637
40099,13754,6443
40101,66677,27073
40103,10832,5074
40105,9438,4316
40107,11300,5020
40109,808866,297996
40111,37035,15717
40113,46130,22078
40115,30287,12382
40117,15864,7206
40119,83352,25554
40121,43479,19287
40123,38396,15279
40125,73791,30670
40127,10800,5245
40129,3295,1519
40131,100248,43247
40133,23565,10074
40135,40291,17898
40137,44014,20094
40139,20371,7152
40141,6869,3206
40143,682868,260207
40145,89280,37318
40147,53706,23094
40149,10736,4760
40151,8564,3205
40153,19947,8125
41001,16912,8825
41003,97713,37873
41005,423173,195943
41007,41102,21118
41009,53880,25675
41011,64212,34940
41013,26952,13830
41015,23296,14916
41017,208513,98451
41019,112435,58031
41021,2026,1126
41023,7215,4017
41025,7440,3846
41027,23745,10720
41029,220768,105063
41031,25454,11397
41033,87821,46124
41035,70003,32474
41037,8293,4294
41039,381181,170627
41041,50821,30109
41043,131496,57542
41045,32044,12529
41047,346741,139121
41049,12302,4892
41051,789698,315924
41053,89805,37457
41055,1951,995
41057,27417,14892
41059,80053,31585
41061,25944,11381
41063,7674,4152
41065,26333,12009
41067,598865,238241
41069,1436,948
41071,108644,46867
42001,106748,52251
42003,1224825,547856
42005,64074,33703
42007,165631,82360
42009,47350,24794
42011,432821,189719
42013,120273,57576
42015,59695,29081
42017,645984,318004
42019,198413,95873
42021,130668,66131
42023,4380,2532
42025,65458,33595
42027,157795,60479
42029,549784,245555
42031,36970,16900
42033,77090,39155
42035,37607,16751
42037,65439,29393
42039,82001,40380
42041,270738,118048
42043,289234,124330
42045,576720,245486
42047,30198,16109
42049,267571,119914
42051,123915,62540
42053,6449,3512
42055,157854,73256
42057,14468,7439
42059,34357,16556
42061,43514,21229
42063,83094,36951
42065,43612,21445
42067,23243,11138
42069,216123,99871
42071,558589,242755
42073,84472,42119
42075,144252,65667
42077,377754,161696
42079,327388,151451
42081,112724,51768
42083,39519,19120
42085,108503,54262
42087,45922,21905
42089,166053,81753
42091,868742,392081
42093,17860,8546
42095,319091,148217
42097,90120,44131
42099,46083,22475
42101,1550542,573794
42103,61247,33666
42105,15999,8538
42107,143786,69213
42109,39717,18154
42111,72197,37696
42113,5834,3693
42115,38109,20447
42117,40840,20470
42119,42042,18251
42121,49431,26329
42123,37572,19732
42125,210232,103417
42127,51262,27826
42129,351163,183724
42131,25902,12913
42133,464640,210443
44001,50255,24769
44003,171278,82822
44005,83832,44115
44007,660615,273000
44009,129982,66029
45001,24434,12084
45003,177130,81903
45005,7369,3537
45007,213076,94494
45009,12974,6375
45011,20447,9216
45013,198979,106506
45015,255217,99764
45017,14186,7495
45019,424367,180770
45021,56714,24734
45023,32226,14991
45025,44031,20465
45027,31004,16008
45029,38874,18149
45031,62416,28484
45033,27698,11711
45035,169833,68424
45037,27607,13174
45039,20422,11000
45041,137214,58962
45043,65731,38442
45045,558036,231993
45047,69460,30720
45049,18122,8201
45051,397478,217753
45053,33544,17455
45055,69905,31171
45057,108215,50320
45059,68873,31398
45061,15967,7424
45063,309528,134087
45065,9941,6798
45067,28508,13537
45069,25704,11636
45071,38825,18181
45073,81221,42683
45075,82820,37958
45077,135495,55525
45079,425138,156702
45081,19123,9217
45083,356698,146028
45085,104165,42880
45087,26629,13094
45089,29891,14606
45091,298320,125507
46003,2782,1219
46005,19591,7865
46007,3305,1170
46009,7065,3239
46011,35980,11141
46013,37733,15778
46015,5311,2497
46017,1884,523
46019,10863,4814
46021,1340,789
46023,9240,3783
46025,3948,1743
46027,15431,4440
46029,28971,12903
46031,3782,1294
46033,9117,5847
46035,19922,8835
46037,5451,2821
46039,4354,2041
46041,5208,1487
46043,2838,1310
46045,4057,2042
46047,7393,4457
46049,2151,985
46051,7553,3841
46053,4018,2000
46055,1851,894
46057,6451,2308
46059,3107,1511
46061,3471,1468
46063,1324,623
46065,17624,7600
46067,7394,3387
46069,1186,574
46071,2776,933
46073,1660,873
46075,855,461
46077,5276,2457
46079,11031,5375
46081,28053,14183
46083,73238,27195
46085,3705,1560
46087,5809,2463
46089,2334,1260
46091,4390,2088
46093,30954,12444
46095,1851,729
46097,2280,1137
46099,206930,76396
46101,6450,2835
46102,13434,3460
46103,115903,52071
46105,2834,1475
46107,2413,1275
46109,10206,4485
46111,2399,1102
46115,6166,3082
46117,3043,1455
46119,1494,792
46121,9199,2221
46123,5621,2776
46125,9027,4038
46127,17183,7683
46129,5269,2511
46135,23517,11015
46137,2322,862
47001,80234,37065
47003,53055,21026
47005,16103,8382
47007,15060,7810
47009,141456,69034
47011,111579,49173
47013,40223,19445
47015,15063,6947
47017,28860,13246
47019,57022,29042
47021,42254,18946
47023,17606,7338
47025,32654,15527
47027,7714,4110
47029,37404,18872
47031,60633,26161
47033,13982,6219
47035,64760,37743
47037,712334,248259
47039,11656,5922
47041,21225,9936
47043,56729,24768
47045,36498,15710
47047,44175,23409
47049,19696,10144
47051,44654,20851
47053,51045,21838
47055,30721,14844
47057,24681,12670
47059,72577,36345
47061,13955,6647
47063,66216,28939
47065,379864,164030
47067,6956,3446
47069,25567,11225
47071,27229,13989
47073,58600,29943
47075,17328,8188
47077,28070,12788
47079,32554,16878
47081,25826,11642
47083,8393,4033
47085,19209,9222
47087,12363,6545
47089,57838,28698
47091,18375,9759
47093,500669,201828
47095,6347,2747
47097,24610,10464
47099,46114,19905
47101,13066,6175
47103,36169,16977
47105,60591,33167
47107,55678,26257
47109,26163,12483
47111,26793,11161
47113,99193,42585
47115,29382,14518
47117,36961,15757
47119,110760,46736
47121,13691,6898
47123,48594,24427
47125,239872,72805
47127,6748,3414
47129,21573,10008
47131,30411,14289
47133,23327,11235
47135,8891,4186
47137,5128,2979
47139,18033,9343
47141,83844,33224
47143,33924,15698
47145,56096,29081
47147,76776,32076
47149,367101,128176
47151,22171,9794
47153,17161,8494
47155,99415,48018
47157,910042,350189
47159,20538,9250
47161,14222,6964
47163,162135,80707
47165,207994,89675
47167,62015,26232
47169,12271,4418
47171,17756,9282
47173,20741,9910
47175,6493,3405
47177,42638,18807
47179,138420,62032
47181,16066,7845
47183,33084,13836
47185,28692,13727
47187,264460,114747
47189,163674,69132
48001,57736,23417
48003,18664,5904
48005,87319,35779
48007,25374,14138
48009,9029,4227
48011,1832,899
48013,51784,19868
48015,31677,14525
48017,6672,2436
48019,22637,13185
48021,110778,43823
48023,3463,1634
48025,30850,10745
48027,393193,127460
48029,2087679,738479
48031,13048,7487
48033,572,316
48035,18996,9779
48037,91687,38095
48039,398938,149064
48041,244703,67693
48043,9513,4555
48045,1445,725
48047,6848,2589
48049,38709,18015
48051,19475,9177
48053,53991,26984
48055,49859,19566
48057,19696,8806
48059,14374,6896
48061,426710,153516
48063,13000,5343
48065,5878,2668
48067,28659,13856
48069,7227,2746
48071,53876,18509
48073,52217,21965
48075,6788,2493
48077,10738,5499
48079,2509,946
48081,3352,1680
48083,7842,4115
48085,1195359,452719
48087,2563,1088
48089,21117,9958
48091,193928,88073
48093,14050,6866
48095,3297,1557
48097,43782,19419
48099,84878,26458
48101,1294,680
48103,4574,1608
48105,2858,1248
48107,4917,2079
48109,2196,951
48111,7237,2259
48113,2606358,916719
48115,12004,4181
48117,18347,6160
48119,5520,2499
48121,1007703,379902
48123,19929,9089
48125,1711,951
48127,8257,3073
48129,3214,1557
48131,9604,3751
48133,18037,8373
48135,164494,49254
48137,1393,757
48139,222829,83205
48141,869880,305577
48143,44195,15995
48145,17286,7479
48147,37571,16609
48149,25474,13260
48151,3612,1801
48153,5090,2163
48155,1079,558
48157,916778,350292
48159,10735,5246
48161,20441,9428
48163,17987,5639
48165,22523,6432
48167,361744,150729
48169,4517,1766
48171,27733,15304
48173,1141,449
48175,7144,3698
48177,19930,8275
48179,20916,8350
48181,146907,62703
48183,126243,48773
48185,32384,14160
48187,188454,74953
48189,31761,11531
48191,2818,1383
48193,8619,4314
48195,5071,1921
48197,3490,1653
48199,58261,24595
48201,4835125,1699020
48203,70895,29647
48205,5145,2161
48207,5385,2518
48209,280486,95232
48211,3189,1353
48213,86158,41585
48215,898471,289355
48217,38101,17297
48219,21460,8105
48221,67774,34505
48223,38172,16574
48225,22066,10623
48227,30554,11740
48229,3451,1087
48231,113347,44505
48233,20033,8456
48235,1549,735
48237,8875,3745
48239,15221,6474
48241,32694,15248
48243,1856,1396
48245,251496,99029
48247,4720,1817
48249,38662,14781
48251,202906,77175
48253,20381,7991
48255,15018,5355
48257,185690,59888
48259,50537,24261
48261,343,171
48263,734,367
48265,53915,28797
48267,4442,2458
48269,217,113
48271,3148,1487
48273,30069,9439
48275,3302,1463
48277,51127,22073
48279,12711,5131
48281,23262,11363
48283,6537,2254
48285,20571,9948
48287,18240,8600
48289,16538,8101
48291,108272,36124
48293,22250,10170
48295,2906,1283
48297,11584,5048
48299,22875,14360
48301,43,16
48303,320940,106729
48305,5761,2191
48307,7452,3691
48309,268583,98557
48311,568,268
48313,13742,5008
48315,9571,5371
48317,5216,1742
48319,3931,2217
48321,36359,15157
48323,57762,18606
48325,54797,23842
48327,1958,1116
48329,177108,53366
48331,25951,12107
48333,4548,2458
48335,9075,3304
48337,21598,10257
48339,711354,274879
48341,21190,6940
48343,12066,5682
48345,1020,545
48347,65375,23777
48349,55635,22211
48351,12039,6195
48353,14306,6110
48355,352289,139385
48357,9704,3414
48359,1783,791
48361,85722,34419
48363,29747,13632
48365,22838,10246
48367,173494,73136
48369,9617,3681
48371,14623,5312
48373,54186,26049
48375,114647,41973
48377,5795,2512
48379,12986,6835
48381,148255,57080
48383,3141,1140
48385,2854,1628
48387,11678,6000
48389,11770,4036
48391,6666,3145
48393,840,380
48395,17267,7873
48397,131307,49836
48399,9868,4476
48401,53079,22469
48403,10106,5912
48405,7833,4195
48407,28936,14262
48409,70660,27460
48411,5845,2641
48413,2391,1059
48415,16212,6205
48417,3229,1529
48419,24179,10260
48421,2678,1079
48423,245209,99133
48425,9888,4702
48427,65934,20653
48429,9343,4116
48431,1397,503
48433,1218,630
48435,3221,1491
48437,6955,2677
48439,2182947,792397
48441,146836,50694
48443,687,384
48445,11547,4212
48447,1526,776
48449,31357,12165
48451,119057,45688
48453,1334961,464699
48455,14228,7599
48457,20382,9473
48459,43281,19281
48461,3109,1229
48463,24960,9339
48465,47720,15790
48467,64000,29872
48469,91664,36284
48471,81268,31943
48473,63553,20444
48475,10966,3892
48477,37007,17228
48479,269148,84795
48481,41739,17186
48483,4804,2158
48485,130180,48607
48487,12522,5471
48489,20037,7059
48491,697191,255012
48493,54183,23897
48495,7414,2721
48497,78097,32638
48499,47921,25570
48501,7468,2433
48503,18124,8102
48505,13736,4682
48507,9312,3312
49001,7233,2651
49003,62684,21308
49005,142393,38015
49007,20609,8579
49009,992,535
49011,373207,120380
49013,20477,7057
49015,10144,4128
49017,5314,2470
49019,9706,4310
49021,64211,21078
49023,13023,4060
49025,8425,4000
49027,13437,5134
49029,13000,4588
49031,1550,802
49033,2670,1133
49035,1185813,406582
49037,14358,5576
49039,30277,10859
49041,22344,8790
49043,42759,19588
49045,82051,25199
49047,37747,12572
49049,719174,175203
49051,37144,14493
49053,202452,86798
49055,2614,1262
49057,271926,93918
50001,37720,18636
50003,37183,19549
50005,30610,15498
50007,169481,69125
50009,6010,3422
50011,50994,23083
50013,7467,4116
50015,26060,12159
50017,29943,15587
50019,27516,13851
50021,60271,31678
50023,60142,29382
50025,45966,24342
50027,58101,30876
51001,33239,17433
51003,115676,51209
51005,14595,7926
51007,13480,6624
51009,31396,15300
51011,16864,7893
51013,234162,82914
51015,78247,39373
51017,4051,2370
51019,81525,42503
51021,6179,3367
51023,34125,18196
51025,15749,7692
51027,19087,10130
51029,16978,8165
51031,55270,26790
51033,32640,14064
51035,29239,16246
51036,6610,3887
51037,11336,5678
51041,383876,160153
51043,15466,8114
51045,4843,2726
51047,54973,23457
51049,9878,5019
51051,13640,7068
51053,28343,13653
51057,10598,5628
51059,1141878,475315
51061,75165,34006
51063,15679,8470
51065,28462,13738
51067,55549,29749
51069,95994,43394
51071,16457,8308
51073,40057,19753
51075,27197,15252
51077,15285,8339
51079,21301,9600
51081,11133,4906
51083,33432,17303
51085,114148,53495
51087,334760,142212
51089,49702,26180
51091,2339,1516
51093,40711,19444
51095,82654,43523
51097,6720,3629
51099,28568,11757
51101,19030,8270
51103,10859,6914
51105,21745,10874
51107,436347,168881
51109,41037,20364
51111,12038,5981
51113,14128,7225
51115,8514,5172
51117,30648,16554
51119,10924,6606
51121,98666,33844
51125,14705,8428
51127,26134,12149
51131,12021,6849
51133,12391,8022
51135,15566,6918
51137,38574,18177
51139,23741,12114
51141,17509,10098
51143,59571,32014
51145,32105,16465
51147,22049,8157
51149,42871,14441
51153,489640,182980
51155,33655,17505
51157,7414,4324
51159,9184,4260
51161,97026,47358
51163,22358,12388
51165,86568,39014
51167,25477,13176
51169,21433,11394
51171,45228,21895
51173,29216,14848
51175,17975,9477
51177,149588,61648
51179,165428,61551
51181,6593,3620
51183,10757,4769
51185,39120,19624
51187,41843,18500
51191,54050,28484
51193,19013,10407
51195,35174,16228
51197,28104,14294
51199,70952,30433
51510,155230,58809
51520,16807,8087
51530,6566,2626
51540,44983,15192
51550,253886,100009
51570,18393,7693
51580,5545,2532
51590,41837,18735
51595,5463,2372
51600,25144,9560
51610,14685,6247
51620,8339,3450
51630,28928,9280
51640,6717,2836
51650,137098,54089
51660,51082,13777
51670,22752,8854
51678,7528,2153
51680,79535,25425
51683,42696,14985
51685,16361,6079
51690,13763,5626
51700,183118,65855
51710,230930,77488
51720,3492,1452
51730,33309,13259
51735,12635,5771
51740,96793,36586
51750,16971,4434
51760,229247,81129
51770,97171,40861
51775,25600,11335
51790,25915,11809
51800,100659,41172
51810,453649,183734
51820,23182,9696
51830,15847,5238
51840,27617,11295
53001,20820,6528
53003,22549,11612
53005,215219,82451
53007,79997,35846
53009,77616,44496
53011,521150,219075
53013,4053,2203
53015,112864,50879
53017,44798,18826
53019,7497,4367
53021,99034,30369
53023,2363,1234
53025,102678,37269
53027,77290,38421
53029,86267,43435
53031,33714,22693
53033,2271380,872819
53035,277658,122399
53037,45508,19107
53039,23589,12328
53041,86154,40157
53043,11738,6074
53045,68389,34353
53047,43712,20990
53049,24200,14719
53051,14361,7820
53053,928696,358429
53055,18566,11832
53057,131417,62186
53059,12640,6921
53061,844761,339384
53063,551455,227697
53065,48837,25408
53067,299003,129033
53069,4765,2857
53071,61568,26250
53073,231919,96941
53075,48012,13309
53077,256643,92011
54001,15378,7254
54003,132440,54461
54005,20576,10553
54007,12162,6410
54009,21373,11271
54011,92082,39249
54013,5959,3322
54015,7783,3894
54017,7680,3934
54019,39072,19469
54021,7254,3129
54023,10921,5769
54025,32149,16701
54027,23649,12827
54029,28145,14798
54031,14251,7576
54033,64639,30375
54035,27593,13514
54037,59787,27514
54039,174805,84636
54041,16500,7941
54043,19701,9646
54045,30827,15176
54047,17439,8578
54049,55807,24905
54051,29405,15251
54053,24765,12263
54055,58057,27885
54057,26867,13294
54059,22023,10738
54061,107718,36785
54063,12382,6558
54065,17649,9805
54067,24169,12406
54069,41194,19634
54071,6029,3366
54073,7428,3571
54075,7765,4305
54077,34099,16202
54079,56962,27073
54081,72356,34220
54083,27350,13443
54085,8167,4265
54087,13743,7206
54089,11581,6422
54091,16388,8065
54093,6604,3856
54095,7919,4291
54097,23529,11119
54099,37686,18760
54101,8045,4376
54103,13890,6957
54105,5000,2604
54107,83052,40294
54109,20277,10358
55001,21449,13414
55003,16079,7756
55005,46833,23442
55007,16769,10151
55009,271417,112852
55011,13419,6934
55013,17092,10669
55015,53199,24422
55017,66970,31035
55019,34774,14441
55021,58091,27896
55023,15944,8355
55025,575347,216087
55027,88231,41962
55029,30562,18462
55031,44264,21136
55033,45794,18264
55035,107903,41944
55037,4682,2959
55039,103948,48078
55041,9325,5093
55043,51409,21327
55045,36951,18087
55047,19344,9777
55049,23956,11648
55051,6228,3860
55053,20855,9979
55055,85743,39650
55057,26594,13627
55059,167488,72562
55061,20690,10370
55063,120486,49215
55065,16945,7743
55067,19404,10516
55069,28405,15610
55071,81331,41225
55073,138612,63184
55075,42106,22833
55077,15838,8883
55078,4226,1666
55079,916205,343771
55081,46151,20138
55083,39775,21166
55085,38226,22385
55087,193234,81996
55089,93460,45480
55091,7441,3783
55093,43026,18045
55095,45762,23835
55097,71024,29998
55099,14102,8453
55101,196613,87928
55103,17197,8814
55105,164278,72939
55107,14143,7642
55109,96763,42450
55111,65920,30504
55113,18552,10749
55115,41109,20729
55117,117752,54619
55119,20058,9947
55121,30899,13671
55123,31170,14611
55125,23885,14935
55127,105822,49354
55129,16930,9853
55131,138168,67550
55133,412591,198739
55135,51388,26005
55137,24934,13952
55139,171735,73160
55141,73939,35952
56001,38257,11768
56003,12018,5552
56005,47498,17746
56007,14334,6337
56009,13809,6151
56011,7592,3682
56013,39815,17449
56015,12642,6115
56017,4661,2534
56019,8759,4645
56021,100984,41693
56023,20880,9633
56025,79941,32884
56027,2354,1192
56029,30735,15298
56031,8546,4543
56033,32519,15706
56035,8969,4466
56037,41249,16289
56039,23232,10451
56041,20745,8495
56043,7710,3881
56045,6808,3383
